,number,value,datetime_start,datetime_complete,duration,params_activation_l0,params_activation_l1,params_activation_l2,params_activation_l3,params_activation_l4,params_lr,params_n_layers,params_n_units_l0,params_n_units_l1,params_n_units_l2,params_n_units_l3,params_n_units_l4,state
0,0,0.011165332980453968,2023-11-07 17:28:23.199764,2023-11-07 17:28:25.470179,0 days 00:00:02.270415,<class 'torch.nn.modules.activation.Sigmoid'>,<class 'torch.nn.modules.activation.Tanh'>,<class 'torch.nn.modules.activation.Tanh'>,<class 'torch.nn.modules.activation.Sigmoid'>,<class 'torch.nn.modules.activation.Sigmoid'>,0.0024679039459600356,5,93,99.0,55.0,96.0,90.0,COMPLETE
1,1,0.01702740602195263,2023-11-07 17:28:25.471012,2023-11-07 17:28:26.110621,0 days 00:00:00.639609,<class 'torch.nn.modules.activation.ReLU'>,<class 'torch.nn.modules.activation.ReLU'>,<class 'torch.nn.modules.activation.ReLU'>,,,0.07536070722816335,3,16,54.0,19.0,,,COMPLETE
2,2,0.007685355842113495,2023-11-07 17:28:26.111356,2023-11-07 17:28:26.367107,0 days 00:00:00.255751,<class 'torch.nn.modules.activation.ReLU'>,,,,,0.0018895609615205806,1,32,,,,,COMPLETE
3,3,0.012273728847503662,2023-11-07 17:28:26.367984,2023-11-07 17:28:27.035226,0 days 00:00:00.667242,<class 'torch.nn.modules.activation.ReLU'>,<class 'torch.nn.modules.activation.Tanh'>,<class 'torch.nn.modules.activation.Sigmoid'>,,,0.0015287262180218243,3,36,67.0,1.0,,,COMPLETE
4,4,0.0010441015474498272,2023-11-07 17:28:27.035838,2023-11-07 17:28:27.760994,0 days 00:00:00.725156,<class 'torch.nn.modules.activation.Tanh'>,<class 'torch.nn.modules.activation.Tanh'>,<class 'torch.nn.modules.activation.ReLU'>,<class 'torch.nn.modules.activation.ReLU'>,<class 'torch.nn.modules.activation.Tanh'>,0.009327479709827427,5,26,11.0,20.0,11.0,4.0,COMPLETE
5,5,0.017993701621890068,2023-11-07 17:28:27.762109,2023-11-07 17:28:28.006331,0 days 00:00:00.244222,<class 'torch.nn.modules.activation.ReLU'>,,,,,0.00047180877891246165,1,15,,,,,COMPLETE
6,6,0.029845289885997772,2023-11-07 17:28:28.006981,2023-11-07 17:28:28.892562,0 days 00:00:00.885581,<class 'torch.nn.modules.activation.ReLU'>,<class 'torch.nn.modules.activation.Sigmoid'>,<class 'torch.nn.modules.activation.ReLU'>,,,5.7443345448335375e-05,3,58,28.0,92.0,,,COMPLETE
7,7,0.01193296443670988,2023-11-07 17:28:28.893317,2023-11-07 17:28:29.355108,0 days 00:00:00.461791,<class 'torch.nn.modules.activation.ReLU'>,<class 'torch.nn.modules.activation.Sigmoid'>,,,,0.003450967665972794,2,48,37.0,,,,COMPLETE
8,8,0.03937975689768791,2023-11-07 17:28:29.355947,2023-11-07 17:28:30.253708,0 days 00:00:00.897761,<class 'torch.nn.modules.activation.Sigmoid'>,<class 'torch.nn.modules.activation.Sigmoid'>,<class 'torch.nn.modules.activation.ReLU'>,,,5.459666036108897e-05,3,67,69.0,27.0,,,COMPLETE
9,9,0.01275236438959837,2023-11-07 17:28:30.254452,2023-11-07 17:28:30.743090,0 days 00:00:00.488638,<class 'torch.nn.modules.activation.ReLU'>,<class 'torch.nn.modules.activation.ReLU'>,<class 'torch.nn.modules.activation.Tanh'>,,,0.0001650794761218413,3,23,4.0,58.0,,,COMPLETE
10,10,0.06637408584356308,2023-11-07 17:28:30.744003,2023-11-07 17:28:31.470255,0 days 00:00:00.726252,<class 'torch.nn.modules.activation.Tanh'>,<class 'torch.nn.modules.activation.Tanh'>,<class 'torch.nn.modules.activation.Sigmoid'>,<class 'torch.nn.modules.activation.ReLU'>,<class 'torch.nn.modules.activation.Tanh'>,1.4957288960021163e-05,5,4,1.0,34.0,7.0,8.0,COMPLETE
11,11,0.012453068979084492,2023-11-07 17:28:31.471142,2023-11-07 17:28:31.728081,0 days 00:00:00.256939,<class 'torch.nn.modules.activation.Tanh'>,,,,,0.011884857310552733,1,37,,,,,COMPLETE
12,12,0.041106805205345154,2023-11-07 17:28:31.728839,2023-11-07 17:28:32.474328,0 days 00:00:00.745489,<class 'torch.nn.modules.activation.Tanh'>,<class 'torch.nn.modules.activation.Tanh'>,<class 'torch.nn.modules.activation.ReLU'>,<class 'torch.nn.modules.activation.Tanh'>,,0.01297399348958664,4,36,21.0,79.0,2.0,,COMPLETE
13,13,0.012535219080746174,2023-11-07 17:28:32.475102,2023-11-07 17:28:33.198872,0 days 00:00:00.723770,<class 'torch.nn.modules.activation.Tanh'>,<class 'torch.nn.modules.activation.Tanh'>,,,,0.000584299221479274,2,74,96.0,,,,COMPLETE
14,14,0.041106805205345154,2023-11-07 17:28:33.199712,2023-11-07 17:28:33.762633,0 days 00:00:00.562921,<class 'torch.nn.modules.activation.Tanh'>,<class 'torch.nn.modules.activation.ReLU'>,<class 'torch.nn.modules.activation.ReLU'>,<class 'torch.nn.modules.activation.ReLU'>,,0.007221933863173873,4,3,15.0,2.0,46.0,,COMPLETE
15,15,0.012813831679522991,2023-11-07 17:28:33.763413,2023-11-07 17:28:34.186106,0 days 00:00:00.422693,<class 'torch.nn.modules.activation.Sigmoid'>,<class 'torch.nn.modules.activation.Tanh'>,,,,0.04367614424303465,2,27,43.0,,,,COMPLETE
16,16,0.0011476849904283881,2023-11-07 17:28:34.186912,2023-11-07 17:28:35.056109,0 days 00:00:00.869197,<class 'torch.nn.modules.activation.Tanh'>,<class 'torch.nn.modules.activation.Tanh'>,<class 'torch.nn.modules.activation.Tanh'>,<class 'torch.nn.modules.activation.ReLU'>,,0.025965795307572762,4,49,58.0,33.0,44.0,,COMPLETE
17,17,0.0011740492191165686,2023-11-07 17:28:35.056824,2023-11-07 17:28:35.966998,0 days 00:00:00.910174,<class 'torch.nn.modules.activation.Tanh'>,<class 'torch.nn.modules.activation.Tanh'>,<class 'torch.nn.modules.activation.Tanh'>,<class 'torch.nn.modules.activation.ReLU'>,,0.027539949220327056,4,50,59.0,42.0,41.0,,COMPLETE
18,18,0.041106805205345154,2023-11-07 17:28:35.968009,2023-11-07 17:28:37.292115,0 days 00:00:01.324106,<class 'torch.nn.modules.activation.Tanh'>,<class 'torch.nn.modules.activation.Tanh'>,<class 'torch.nn.modules.activation.Tanh'>,<class 'torch.nn.modules.activation.ReLU'>,<class 'torch.nn.modules.activation.Tanh'>,0.09903364968020319,5,79,83.0,20.0,29.0,3.0,COMPLETE
19,19,0.0012855809181928635,2023-11-07 17:28:37.293048,2023-11-07 17:28:38.411809,0 days 00:00:01.118761,<class 'torch.nn.modules.activation.Tanh'>,<class 'torch.nn.modules.activation.Tanh'>,<class 'torch.nn.modules.activation.Tanh'>,<class 'torch.nn.modules.activation.ReLU'>,,0.021709985551439562,4,61,37.0,42.0,81.0,,COMPLETE
20,20,0.0013377401046454906,2023-11-07 17:28:38.413096,2023-11-07 17:28:39.945072,0 days 00:00:01.531976,<class 'torch.nn.modules.activation.Tanh'>,<class 'torch.nn.modules.activation.Tanh'>,<class 'torch.nn.modules.activation.Sigmoid'>,<class 'torch.nn.modules.activation.Sigmoid'>,<class 'torch.nn.modules.activation.ReLU'>,0.00475038212614889,5,45,78.0,70.0,68.0,46.0,COMPLETE
21,21,0.008128396235406399,2023-11-07 17:28:39.945818,2023-11-07 17:28:40.812742,0 days 00:00:00.866924,<class 'torch.nn.modules.activation.Tanh'>,<class 'torch.nn.modules.activation.Tanh'>,<class 'torch.nn.modules.activation.Tanh'>,<class 'torch.nn.modules.activation.ReLU'>,,0.03149281089158224,4,50,55.0,41.0,37.0,,COMPLETE
22,22,0.0012319883098825812,2023-11-07 17:28:40.813397,2023-11-07 17:28:41.615056,0 days 00:00:00.801659,<class 'torch.nn.modules.activation.Tanh'>,<class 'torch.nn.modules.activation.Tanh'>,<class 'torch.nn.modules.activation.Tanh'>,<class 'torch.nn.modules.activation.ReLU'>,,0.021555602766114363,4,58,62.0,15.0,24.0,,COMPLETE
23,23,0.0013593054609373212,2023-11-07 17:28:41.615751,2023-11-07 17:28:42.779343,0 days 00:00:01.163592,<class 'torch.nn.modules.activation.Tanh'>,<class 'torch.nn.modules.activation.Tanh'>,<class 'torch.nn.modules.activation.Tanh'>,<class 'torch.nn.modules.activation.ReLU'>,<class 'torch.nn.modules.activation.Tanh'>,0.009369103145312961,5,45,44.0,45.0,65.0,43.0,COMPLETE
24,24,0.041106827557086945,2023-11-07 17:28:42.780471,2023-11-07 17:28:43.915781,0 days 00:00:01.135310,<class 'torch.nn.modules.activation.Tanh'>,<class 'torch.nn.modules.activation.Tanh'>,<class 'torch.nn.modules.activation.Tanh'>,<class 'torch.nn.modules.activation.Tanh'>,,0.04347095847864959,4,81,76.0,31.0,53.0,,COMPLETE
25,25,0.0011395137989893556,2023-11-07 17:28:43.916873,2023-11-07 17:28:44.594860,0 days 00:00:00.677987,<class 'torch.nn.modules.activation.Tanh'>,<class 'torch.nn.modules.activation.ReLU'>,<class 'torch.nn.modules.activation.ReLU'>,<class 'torch.nn.modules.activation.ReLU'>,,0.004719479653181472,4,19,57.0,10.0,20.0,,COMPLETE
26,26,0.0012018096167594194,2023-11-07 17:28:44.595507,2023-11-07 17:28:45.565349,0 days 00:00:00.969842,<class 'torch.nn.modules.activation.Sigmoid'>,<class 'torch.nn.modules.activation.ReLU'>,<class 'torch.nn.modules.activation.ReLU'>,<class 'torch.nn.modules.activation.ReLU'>,<class 'torch.nn.modules.activation.ReLU'>,0.005342495616306158,5,19,46.0,11.0,17.0,85.0,COMPLETE
27,27,0.0011266812216490507,2023-11-07 17:28:45.566170,2023-11-07 17:28:46.281641,0 days 00:00:00.715471,<class 'torch.nn.modules.activation.Tanh'>,<class 'torch.nn.modules.activation.ReLU'>,<class 'torch.nn.modules.activation.ReLU'>,<class 'torch.nn.modules.activation.ReLU'>,<class 'torch.nn.modules.activation.Sigmoid'>,0.0039022456324798054,5,9,24.0,27.0,15.0,25.0,COMPLETE
28,28,0.0011576496763154864,2023-11-07 17:28:46.282513,2023-11-07 17:28:46.938113,0 days 00:00:00.655600,<class 'torch.nn.modules.activation.Tanh'>,<class 'torch.nn.modules.activation.ReLU'>,<class 'torch.nn.modules.activation.ReLU'>,<class 'torch.nn.modules.activation.Sigmoid'>,<class 'torch.nn.modules.activation.Sigmoid'>,0.0031227805589912135,5,11,11.0,9.0,16.0,24.0,COMPLETE
29,29,0.002567007439211011,2023-11-07 17:28:46.938954,2023-11-07 17:28:47.650409,0 days 00:00:00.711455,<class 'torch.nn.modules.activation.Sigmoid'>,<class 'torch.nn.modules.activation.ReLU'>,<class 'torch.nn.modules.activation.ReLU'>,<class 'torch.nn.modules.activation.Tanh'>,<class 'torch.nn.modules.activation.Sigmoid'>,0.0024437381775131127,5,9,24.0,22.0,11.0,25.0,COMPLETE
30,30,0.00553885055705905,2023-11-07 17:28:47.651213,2023-11-07 17:28:48.568621,0 days 00:00:00.917408,<class 'torch.nn.modules.activation.Tanh'>,<class 'torch.nn.modules.activation.ReLU'>,<class 'torch.nn.modules.activation.ReLU'>,<class 'torch.nn.modules.activation.ReLU'>,<class 'torch.nn.modules.activation.Sigmoid'>,0.0013099864737775781,5,95,29.0,8.0,24.0,22.0,COMPLETE
31,31,0.041107818484306335,2023-11-07 17:28:48.569389,2023-11-07 17:28:49.085393,0 days 00:00:00.516004,<class 'torch.nn.modules.activation.Tanh'>,<class 'torch.nn.modules.activation.ReLU'>,<class 'torch.nn.modules.activation.ReLU'>,<class 'torch.nn.modules.activation.ReLU'>,,0.006558023327427118,4,25,9.0,29.0,1.0,,COMPLETE
32,32,0.00128505052998662,2023-11-07 17:28:49.086207,2023-11-07 17:28:49.968729,0 days 00:00:00.882522,<class 'torch.nn.modules.activation.Tanh'>,<class 'torch.nn.modules.activation.ReLU'>,<class 'torch.nn.modules.activation.ReLU'>,<class 'torch.nn.modules.activation.ReLU'>,<class 'torch.nn.modules.activation.Tanh'>,0.01340222525991353,5,12,17.0,23.0,31.0,67.0,COMPLETE
33,33,0.0011038064258173108,2023-11-07 17:28:49.969697,2023-11-07 17:28:50.643333,0 days 00:00:00.673636,<class 'torch.nn.modules.activation.Tanh'>,<class 'torch.nn.modules.activation.ReLU'>,<class 'torch.nn.modules.activation.ReLU'>,<class 'torch.nn.modules.activation.ReLU'>,,0.004302797673381878,4,31,33.0,37.0,17.0,,COMPLETE
34,34,0.0012339249951764941,2023-11-07 17:28:50.644190,2023-11-07 17:28:51.353855,0 days 00:00:00.709665,<class 'torch.nn.modules.activation.Tanh'>,<class 'torch.nn.modules.activation.ReLU'>,<class 'torch.nn.modules.activation.ReLU'>,<class 'torch.nn.modules.activation.ReLU'>,<class 'torch.nn.modules.activation.Sigmoid'>,0.0021834562866486183,5,20,33.0,17.0,17.0,17.0,COMPLETE
35,35,0.0010805574711412191,2023-11-07 17:28:51.354685,2023-11-07 17:28:52.010217,0 days 00:00:00.655532,<class 'torch.nn.modules.activation.Tanh'>,<class 'torch.nn.modules.activation.ReLU'>,<class 'torch.nn.modules.activation.ReLU'>,<class 'torch.nn.modules.activation.ReLU'>,,0.004033118273591746,4,31,22.0,36.0,12.0,,COMPLETE
36,36,0.01179322600364685,2023-11-07 17:28:52.011037,2023-11-07 17:28:52.624948,0 days 00:00:00.613911,<class 'torch.nn.modules.activation.Sigmoid'>,<class 'torch.nn.modules.activation.ReLU'>,<class 'torch.nn.modules.activation.ReLU'>,,,0.0009129358070381645,3,30,21.0,60.0,,,COMPLETE
37,37,0.011918116360902786,2023-11-07 17:28:52.625842,2023-11-07 17:28:53.299273,0 days 00:00:00.673431,<class 'torch.nn.modules.activation.Tanh'>,<class 'torch.nn.modules.activation.ReLU'>,<class 'torch.nn.modules.activation.ReLU'>,<class 'torch.nn.modules.activation.ReLU'>,<class 'torch.nn.modules.activation.Tanh'>,0.0037417077747414493,5,42,9.0,52.0,10.0,2.0,COMPLETE
38,38,0.005694005638360977,2023-11-07 17:28:53.300085,2023-11-07 17:28:53.954263,0 days 00:00:00.654178,<class 'torch.nn.modules.activation.ReLU'>,<class 'torch.nn.modules.activation.Sigmoid'>,<class 'torch.nn.modules.activation.ReLU'>,<class 'torch.nn.modules.activation.Tanh'>,,0.0018197098378177254,4,33,29.0,36.0,32.0,,COMPLETE
39,39,0.0011927932500839233,2023-11-07 17:28:53.955056,2023-11-07 17:28:54.556581,0 days 00:00:00.601525,<class 'torch.nn.modules.activation.ReLU'>,<class 'torch.nn.modules.activation.ReLU'>,<class 'torch.nn.modules.activation.Sigmoid'>,,,0.007632572115400599,3,40,37.0,52.0,,,COMPLETE
40,40,0.011968618258833885,2023-11-07 17:28:54.557415,2023-11-07 17:28:55.280161,0 days 00:00:00.722746,<class 'torch.nn.modules.activation.Tanh'>,<class 'torch.nn.modules.activation.Sigmoid'>,<class 'torch.nn.modules.activation.ReLU'>,<class 'torch.nn.modules.activation.ReLU'>,<class 'torch.nn.modules.activation.ReLU'>,0.0012621216342989315,5,6,14.0,47.0,11.0,32.0,COMPLETE
41,41,0.001309616374783218,2023-11-07 17:28:55.280946,2023-11-07 17:28:55.877673,0 days 00:00:00.596727,<class 'torch.nn.modules.activation.Tanh'>,<class 'torch.nn.modules.activation.ReLU'>,<class 'torch.nn.modules.activation.ReLU'>,<class 'torch.nn.modules.activation.ReLU'>,,0.0037867090685084715,4,16,27.0,25.0,21.0,,COMPLETE
42,42,0.002005182206630707,2023-11-07 17:28:55.878419,2023-11-07 17:28:56.444174,0 days 00:00:00.565755,<class 'torch.nn.modules.activation.Tanh'>,<class 'torch.nn.modules.activation.ReLU'>,<class 'torch.nn.modules.activation.ReLU'>,,,0.0025162700787684593,3,30,21.0,37.0,,,COMPLETE
43,43,0.041106805205345154,2023-11-07 17:28:56.445166,2023-11-07 17:28:57.150231,0 days 00:00:00.705065,<class 'torch.nn.modules.activation.Tanh'>,<class 'torch.nn.modules.activation.ReLU'>,<class 'torch.nn.modules.activation.ReLU'>,<class 'torch.nn.modules.activation.ReLU'>,,0.005391680607255524,4,21,49.0,14.0,6.0,,COMPLETE
44,44,0.010277701541781425,2023-11-07 17:28:57.151056,2023-11-07 17:28:57.565928,0 days 00:00:00.414872,<class 'torch.nn.modules.activation.Tanh'>,<class 'torch.nn.modules.activation.ReLU'>,<class 'torch.nn.modules.activation.ReLU'>,,,0.012274805520552545,3,27,1.0,4.0,,,COMPLETE
45,45,0.0011889573652297258,2023-11-07 17:28:57.566719,2023-11-07 17:28:58.235358,0 days 00:00:00.668639,<class 'torch.nn.modules.activation.Tanh'>,<class 'torch.nn.modules.activation.ReLU'>,<class 'torch.nn.modules.activation.ReLU'>,<class 'torch.nn.modules.activation.ReLU'>,,0.0033868770953184063,4,15,34.0,26.0,17.0,,COMPLETE
46,46,0.010013877414166927,2023-11-07 17:28:58.236419,2023-11-07 17:28:59.056280,0 days 00:00:00.819861,<class 'torch.nn.modules.activation.ReLU'>,<class 'torch.nn.modules.activation.Sigmoid'>,<class 'torch.nn.modules.activation.Sigmoid'>,,,0.00949521147619123,3,34,18.0,100.0,,,COMPLETE
47,47,0.012265845201909542,2023-11-07 17:28:59.057192,2023-11-07 17:28:59.422010,0 days 00:00:00.364818,<class 'torch.nn.modules.activation.Tanh'>,<class 'torch.nn.modules.activation.ReLU'>,,,,0.0017972037403570908,2,24,7.0,,,,COMPLETE
48,48,0.009220711886882782,2023-11-07 17:28:59.422792,2023-11-07 17:29:00.281060,0 days 00:00:00.858268,<class 'torch.nn.modules.activation.Sigmoid'>,<class 'torch.nn.modules.activation.ReLU'>,<class 'torch.nn.modules.activation.ReLU'>,<class 'torch.nn.modules.activation.Sigmoid'>,,0.004876616289223512,4,39,51.0,18.0,25.0,,COMPLETE
49,49,0.0020184749737381935,2023-11-07 17:29:00.281867,2023-11-07 17:29:02.005999,0 days 00:00:01.724132,<class 'torch.nn.modules.activation.Tanh'>,<class 'torch.nn.modules.activation.ReLU'>,<class 'torch.nn.modules.activation.ReLU'>,<class 'torch.nn.modules.activation.ReLU'>,<class 'torch.nn.modules.activation.Sigmoid'>,0.01636984334051964,5,100,65.0,30.0,96.0,61.0,COMPLETE
50,50,0.011808207258582115,2023-11-07 17:29:02.006882,2023-11-07 17:29:02.687348,0 days 00:00:00.680466,<class 'torch.nn.modules.activation.Tanh'>,<class 'torch.nn.modules.activation.Sigmoid'>,<class 'torch.nn.modules.activation.ReLU'>,<class 'torch.nn.modules.activation.Sigmoid'>,,0.008697312919685743,4,2,41.0,38.0,8.0,,COMPLETE
51,51,0.0010909180855378509,2023-11-07 17:29:02.688246,2023-11-07 17:29:03.544990,0 days 00:00:00.856744,<class 'torch.nn.modules.activation.Tanh'>,<class 'torch.nn.modules.activation.Tanh'>,<class 'torch.nn.modules.activation.Tanh'>,<class 'torch.nn.modules.activation.ReLU'>,,0.006750971144999282,4,54,55.0,32.0,15.0,,COMPLETE
52,52,0.0011378752533346415,2023-11-07 17:29:03.545930,2023-11-07 17:29:04.525561,0 days 00:00:00.979631,<class 'torch.nn.modules.activation.Tanh'>,<class 'torch.nn.modules.activation.Tanh'>,<class 'torch.nn.modules.activation.ReLU'>,<class 'torch.nn.modules.activation.ReLU'>,,0.00672045128333155,4,55,72.0,33.0,13.0,,COMPLETE
53,53,0.0014521080302074552,2023-11-07 17:29:04.526527,2023-11-07 17:29:05.377701,0 days 00:00:00.851174,<class 'torch.nn.modules.activation.Tanh'>,<class 'torch.nn.modules.activation.Tanh'>,<class 'torch.nn.modules.activation.Sigmoid'>,,,0.007214758866006611,3,64,69.0,33.0,,,COMPLETE
54,54,0.041106805205345154,2023-11-07 17:29:05.378572,2023-11-07 17:29:06.464194,0 days 00:00:01.085622,<class 'torch.nn.modules.activation.Tanh'>,<class 'torch.nn.modules.activation.Tanh'>,<class 'torch.nn.modules.activation.Tanh'>,<class 'torch.nn.modules.activation.ReLU'>,,0.01775455567756129,4,57,91.0,47.0,1.0,,COMPLETE
55,55,0.0013343136524781585,2023-11-07 17:29:06.465250,2023-11-07 17:29:07.858831,0 days 00:00:01.393581,<class 'torch.nn.modules.activation.Tanh'>,<class 'torch.nn.modules.activation.Tanh'>,<class 'torch.nn.modules.activation.ReLU'>,<class 'torch.nn.modules.activation.ReLU'>,<class 'torch.nn.modules.activation.Tanh'>,0.011354563669356636,5,53,73.0,29.0,14.0,37.0,COMPLETE
56,56,0.010331208817660809,2023-11-07 17:29:07.859606,2023-11-07 17:29:09.100495,0 days 00:00:01.240889,<class 'torch.nn.modules.activation.Tanh'>,<class 'torch.nn.modules.activation.Tanh'>,<class 'torch.nn.modules.activation.Tanh'>,<class 'torch.nn.modules.activation.ReLU'>,,0.0027951092009958927,4,70,85.0,40.0,6.0,,COMPLETE
57,57,0.006129058543592691,2023-11-07 17:29:09.101306,2023-11-07 17:29:09.404002,0 days 00:00:00.302696,<class 'torch.nn.modules.activation.ReLU'>,,,,,0.0059725724312739426,1,53,,,,,COMPLETE
58,58,0.001160452957265079,2023-11-07 17:29:09.404644,2023-11-07 17:29:10.160986,0 days 00:00:00.756342,<class 'torch.nn.modules.activation.Tanh'>,<class 'torch.nn.modules.activation.Tanh'>,<class 'torch.nn.modules.activation.ReLU'>,<class 'torch.nn.modules.activation.ReLU'>,,0.009449895053281377,4,45,24.0,34.0,13.0,,COMPLETE
59,59,0.001284279627725482,2023-11-07 17:29:10.161912,2023-11-07 17:29:11.147800,0 days 00:00:00.985888,<class 'torch.nn.modules.activation.Tanh'>,<class 'torch.nn.modules.activation.Tanh'>,<class 'torch.nn.modules.activation.Tanh'>,<class 'torch.nn.modules.activation.ReLU'>,<class 'torch.nn.modules.activation.Sigmoid'>,0.003987924101239253,5,64,15.0,59.0,27.0,14.0,COMPLETE
60,60,0.0012655522441491485,2023-11-07 17:29:11.148601,2023-11-07 17:29:12.139217,0 days 00:00:00.990616,<class 'torch.nn.modules.activation.Tanh'>,<class 'torch.nn.modules.activation.Tanh'>,<class 'torch.nn.modules.activation.ReLU'>,<class 'torch.nn.modules.activation.ReLU'>,<class 'torch.nn.modules.activation.Tanh'>,0.015308743292870191,5,55,33.0,44.0,6.0,57.0,COMPLETE
61,61,0.0013828056398779154,2023-11-07 17:29:12.139971,2023-11-07 17:29:12.888490,0 days 00:00:00.748519,<class 'torch.nn.modules.activation.Tanh'>,<class 'torch.nn.modules.activation.Tanh'>,<class 'torch.nn.modules.activation.ReLU'>,<class 'torch.nn.modules.activation.ReLU'>,,0.0047988122019303955,4,7,55.0,23.0,20.0,,COMPLETE
62,62,0.0010982161620631814,2023-11-07 17:29:12.889281,2023-11-07 17:29:13.642927,0 days 00:00:00.753646,<class 'torch.nn.modules.activation.Tanh'>,<class 'torch.nn.modules.activation.ReLU'>,<class 'torch.nn.modules.activation.ReLU'>,<class 'torch.nn.modules.activation.ReLU'>,,0.006613756996103951,4,15,60.0,20.0,19.0,,COMPLETE
63,63,0.0011371003929525614,2023-11-07 17:29:13.643961,2023-11-07 17:29:14.467294,0 days 00:00:00.823333,<class 'torch.nn.modules.activation.Tanh'>,<class 'torch.nn.modules.activation.Tanh'>,<class 'torch.nn.modules.activation.ReLU'>,<class 'torch.nn.modules.activation.ReLU'>,,0.00659630394758981,4,29,63.0,27.0,11.0,,COMPLETE
64,64,0.001349327969364822,2023-11-07 17:29:14.468113,2023-11-07 17:29:15.203772,0 days 00:00:00.735659,<class 'torch.nn.modules.activation.Tanh'>,<class 'torch.nn.modules.activation.ReLU'>,<class 'torch.nn.modules.activation.ReLU'>,<class 'torch.nn.modules.activation.ReLU'>,,0.0029052958931519188,4,28,60.0,19.0,6.0,,COMPLETE
65,65,0.0011523219291120768,2023-11-07 17:29:15.204897,2023-11-07 17:29:15.976811,0 days 00:00:00.771914,<class 'torch.nn.modules.activation.Tanh'>,<class 'torch.nn.modules.activation.Tanh'>,<class 'torch.nn.modules.activation.ReLU'>,<class 'torch.nn.modules.activation.ReLU'>,,0.010925839510363213,4,12,50.0,28.0,34.0,,COMPLETE
66,66,0.012010798789560795,2023-11-07 17:29:15.977637,2023-11-07 17:29:16.611156,0 days 00:00:00.633519,<class 'torch.nn.modules.activation.Sigmoid'>,<class 'torch.nn.modules.activation.ReLU'>,<class 'torch.nn.modules.activation.Tanh'>,,,0.007280820402103779,3,17,64.0,25.0,,,COMPLETE
67,67,0.0015220431378111243,2023-11-07 17:29:16.611971,2023-11-07 17:29:17.394250,0 days 00:00:00.782279,<class 'torch.nn.modules.activation.Tanh'>,<class 'torch.nn.modules.activation.ReLU'>,<class 'torch.nn.modules.activation.Sigmoid'>,<class 'torch.nn.modules.activation.Tanh'>,<class 'torch.nn.modules.activation.ReLU'>,0.0023485447449399007,5,31,5.0,15.0,20.0,32.0,COMPLETE
68,68,0.0011510136537253857,2023-11-07 17:29:17.395071,2023-11-07 17:29:18.249896,0 days 00:00:00.854825,<class 'torch.nn.modules.activation.Tanh'>,<class 'torch.nn.modules.activation.Tanh'>,<class 'torch.nn.modules.activation.ReLU'>,<class 'torch.nn.modules.activation.ReLU'>,,0.003990190162327839,4,36,62.0,23.0,23.0,,COMPLETE
69,69,0.0011785058304667473,2023-11-07 17:29:18.250730,2023-11-07 17:29:19.251567,0 days 00:00:01.000837,<class 'torch.nn.modules.activation.Tanh'>,<class 'torch.nn.modules.activation.ReLU'>,<class 'torch.nn.modules.activation.ReLU'>,<class 'torch.nn.modules.activation.ReLU'>,<class 'torch.nn.modules.activation.Sigmoid'>,0.018221698478333458,5,25,46.0,39.0,39.0,10.0,COMPLETE
70,70,0.01079174131155014,2023-11-07 17:29:19.252338,2023-11-07 17:29:19.935561,0 days 00:00:00.683223,<class 'torch.nn.modules.activation.Tanh'>,<class 'torch.nn.modules.activation.Sigmoid'>,<class 'torch.nn.modules.activation.Tanh'>,<class 'torch.nn.modules.activation.ReLU'>,,0.005987697109222238,4,22,11.0,20.0,9.0,,COMPLETE
71,71,0.0011343719670549035,2023-11-07 17:29:19.936290,2023-11-07 17:29:20.898411,0 days 00:00:00.962121,<class 'torch.nn.modules.activation.Tanh'>,<class 'torch.nn.modules.activation.Tanh'>,<class 'torch.nn.modules.activation.ReLU'>,<class 'torch.nn.modules.activation.ReLU'>,,0.007842420366317446,4,48,71.0,33.0,13.0,,COMPLETE
72,72,0.00105492421425879,2023-11-07 17:29:20.899127,2023-11-07 17:29:21.837441,0 days 00:00:00.938314,<class 'torch.nn.modules.activation.Tanh'>,<class 'torch.nn.modules.activation.Tanh'>,<class 'torch.nn.modules.activation.ReLU'>,<class 'torch.nn.modules.activation.ReLU'>,,0.009783215831726295,4,47,56.0,30.0,49.0,,COMPLETE
73,73,0.0011514656944200397,2023-11-07 17:29:21.838207,2023-11-07 17:29:22.766377,0 days 00:00:00.928170,<class 'torch.nn.modules.activation.Tanh'>,<class 'torch.nn.modules.activation.Tanh'>,<class 'torch.nn.modules.activation.ReLU'>,<class 'torch.nn.modules.activation.ReLU'>,,0.013585154236770897,4,47,53.0,32.0,52.0,,COMPLETE
74,74,0.001175008132122457,2023-11-07 17:29:22.767166,2023-11-07 17:29:23.818749,0 days 00:00:01.051583,<class 'torch.nn.modules.activation.Tanh'>,<class 'torch.nn.modules.activation.Tanh'>,<class 'torch.nn.modules.activation.ReLU'>,<class 'torch.nn.modules.activation.ReLU'>,,0.009450186385944649,4,42,68.0,35.0,69.0,,COMPLETE
75,75,0.011867092922329903,2023-11-07 17:29:23.819890,2023-11-07 17:29:24.462382,0 days 00:00:00.642492,<class 'torch.nn.modules.activation.Tanh'>,<class 'torch.nn.modules.activation.Tanh'>,,,,0.004308150676431194,2,61,58.0,,,,COMPLETE
76,76,0.001127074472606182,2023-11-07 17:29:24.463355,2023-11-07 17:29:25.313660,0 days 00:00:00.850305,<class 'torch.nn.modules.activation.Tanh'>,<class 'torch.nn.modules.activation.ReLU'>,<class 'torch.nn.modules.activation.ReLU'>,<class 'torch.nn.modules.activation.Sigmoid'>,,0.022327982770749953,4,39,25.0,43.0,47.0,,COMPLETE
77,77,0.004251512233167887,2023-11-07 17:29:25.314460,2023-11-07 17:29:26.621763,0 days 00:00:01.307303,<class 'torch.nn.modules.activation.ReLU'>,<class 'torch.nn.modules.activation.ReLU'>,<class 'torch.nn.modules.activation.ReLU'>,<class 'torch.nn.modules.activation.Sigmoid'>,<class 'torch.nn.modules.activation.Tanh'>,0.0249294228095021,5,34,25.0,43.0,47.0,78.0,COMPLETE
78,78,0.012269132770597935,2023-11-07 17:29:26.622562,2023-11-07 17:29:27.225865,0 days 00:00:00.603303,<class 'torch.nn.modules.activation.Sigmoid'>,<class 'torch.nn.modules.activation.ReLU'>,<class 'torch.nn.modules.activation.ReLU'>,,,0.028363581535505555,3,38,30.0,13.0,,,COMPLETE
79,79,0.0013326624175533652,2023-11-07 17:29:27.226765,2023-11-07 17:29:30.691557,0 days 00:00:03.464792,<class 'torch.nn.modules.activation.Tanh'>,<class 'torch.nn.modules.activation.ReLU'>,<class 'torch.nn.modules.activation.ReLU'>,<class 'torch.nn.modules.activation.Sigmoid'>,<class 'torch.nn.modules.activation.Sigmoid'>,0.03774302812739568,5,42,19.0,56.0,65.0,99.0,COMPLETE
80,80,0.0010887767421081662,2023-11-07 17:29:30.692456,2023-11-07 17:29:31.672911,0 days 00:00:00.980455,<class 'torch.nn.modules.activation.Tanh'>,<class 'torch.nn.modules.activation.ReLU'>,<class 'torch.nn.modules.activation.Tanh'>,<class 'torch.nn.modules.activation.Sigmoid'>,,0.05731757483693221,4,15,39.0,64.0,57.0,,COMPLETE
81,81,0.01087213959544897,2023-11-07 17:29:31.673898,2023-11-07 17:29:32.662704,0 days 00:00:00.988806,<class 'torch.nn.modules.activation.Tanh'>,<class 'torch.nn.modules.activation.ReLU'>,<class 'torch.nn.modules.activation.Tanh'>,<class 'torch.nn.modules.activation.Sigmoid'>,,0.07757610452730286,4,14,36.0,65.0,61.0,,COMPLETE
82,82,0.01047718245536089,2023-11-07 17:29:32.663552,2023-11-07 17:29:33.757225,0 days 00:00:01.093673,<class 'torch.nn.modules.activation.Tanh'>,<class 'torch.nn.modules.activation.ReLU'>,<class 'torch.nn.modules.activation.Tanh'>,<class 'torch.nn.modules.activation.Sigmoid'>,,0.047340890155317075,4,8,39.0,79.0,57.0,,COMPLETE
83,83,0.0014369450509548187,2023-11-07 17:29:33.758212,2023-11-07 17:29:34.686180,0 days 00:00:00.927968,<class 'torch.nn.modules.activation.Tanh'>,<class 'torch.nn.modules.activation.ReLU'>,<class 'torch.nn.modules.activation.Tanh'>,<class 'torch.nn.modules.activation.Sigmoid'>,,0.020592143172369605,4,18,47.0,49.0,43.0,,COMPLETE
84,84,0.0020041787065565586,2023-11-07 17:29:34.687001,2023-11-07 17:29:35.776424,0 days 00:00:01.089423,<class 'torch.nn.modules.activation.Tanh'>,<class 'torch.nn.modules.activation.ReLU'>,<class 'torch.nn.modules.activation.Tanh'>,<class 'torch.nn.modules.activation.Sigmoid'>,,0.01107955369486253,4,33,26.0,70.0,74.0,,COMPLETE
85,85,0.0012903350871056318,2023-11-07 17:29:35.777385,2023-11-07 17:29:36.895814,0 days 00:00:01.118429,<class 'torch.nn.modules.activation.Tanh'>,<class 'torch.nn.modules.activation.ReLU'>,<class 'torch.nn.modules.activation.ReLU'>,<class 'torch.nn.modules.activation.Sigmoid'>,,0.014850095764409564,4,4,31.0,79.0,58.0,,COMPLETE
86,86,0.0014009980950504541,2023-11-07 17:29:36.896855,2023-11-07 17:29:37.640034,0 days 00:00:00.743179,<class 'torch.nn.modules.activation.Tanh'>,<class 'torch.nn.modules.activation.ReLU'>,<class 'torch.nn.modules.activation.Tanh'>,,,0.0035400468716243914,3,10,41.0,41.0,,,COMPLETE
87,87,0.002251539845019579,2023-11-07 17:29:37.640742,2023-11-07 17:29:38.623465,0 days 00:00:00.982723,<class 'torch.nn.modules.activation.Tanh'>,<class 'torch.nn.modules.activation.ReLU'>,<class 'torch.nn.modules.activation.Sigmoid'>,<class 'torch.nn.modules.activation.Sigmoid'>,<class 'torch.nn.modules.activation.Tanh'>,0.005421313914416886,5,12,55.0,30.0,48.0,18.0,COMPLETE
88,88,0.012144811451435089,2023-11-07 17:29:38.624222,2023-11-07 17:29:39.299220,0 days 00:00:00.674998,<class 'torch.nn.modules.activation.Tanh'>,<class 'torch.nn.modules.activation.ReLU'>,<class 'torch.nn.modules.activation.ReLU'>,<class 'torch.nn.modules.activation.Tanh'>,,0.0029755500364096205,4,22,21.0,37.0,16.0,,COMPLETE
89,89,0.0015808718744665384,2023-11-07 17:29:39.300018,2023-11-07 17:29:39.971138,0 days 00:00:00.671120,<class 'torch.nn.modules.activation.ReLU'>,<class 'torch.nn.modules.activation.ReLU'>,<class 'torch.nn.modules.activation.ReLU'>,<class 'torch.nn.modules.activation.ReLU'>,,0.020372240226375335,4,36,23.0,6.0,29.0,,COMPLETE
90,90,0.041106801480054855,2023-11-07 17:29:39.971845,2023-11-07 17:29:40.794869,0 days 00:00:00.823024,<class 'torch.nn.modules.activation.Tanh'>,<class 'torch.nn.modules.activation.Sigmoid'>,<class 'torch.nn.modules.activation.ReLU'>,<class 'torch.nn.modules.activation.ReLU'>,<class 'torch.nn.modules.activation.ReLU'>,0.0088482924840178,5,25,13.0,21.0,56.0,1.0,COMPLETE
91,91,0.001110563869588077,2023-11-07 17:29:40.795578,2023-11-07 17:29:41.616294,0 days 00:00:00.820716,<class 'torch.nn.modules.activation.Tanh'>,<class 'torch.nn.modules.activation.Tanh'>,<class 'torch.nn.modules.activation.ReLU'>,<class 'torch.nn.modules.activation.ReLU'>,,0.008144041320557398,4,46,52.0,36.0,19.0,,COMPLETE
92,92,0.0011155131505802274,2023-11-07 17:29:41.617084,2023-11-07 17:29:42.455136,0 days 00:00:00.838052,<class 'torch.nn.modules.activation.Tanh'>,<class 'torch.nn.modules.activation.Tanh'>,<class 'torch.nn.modules.activation.ReLU'>,<class 'torch.nn.modules.activation.ReLU'>,,0.012656655352378955,4,45,52.0,46.0,18.0,,COMPLETE
93,93,0.001482306164689362,2023-11-07 17:29:42.455863,2023-11-07 17:29:43.281814,0 days 00:00:00.825951,<class 'torch.nn.modules.activation.Tanh'>,<class 'torch.nn.modules.activation.Tanh'>,<class 'torch.nn.modules.activation.ReLU'>,<class 'torch.nn.modules.activation.ReLU'>,,0.005491254189303645,4,51,44.0,47.0,18.0,,COMPLETE
94,94,0.000952134549152106,2023-11-07 17:29:43.282575,2023-11-07 17:29:44.160583,0 days 00:00:00.878008,<class 'torch.nn.modules.activation.Tanh'>,<class 'torch.nn.modules.activation.Tanh'>,<class 'torch.nn.modules.activation.ReLU'>,<class 'torch.nn.modules.activation.ReLU'>,,0.012642505187115776,4,45,53.0,36.0,22.0,,COMPLETE
95,95,0.0010956487385556102,2023-11-07 17:29:44.161300,2023-11-07 17:29:45.027090,0 days 00:00:00.865790,<class 'torch.nn.modules.activation.Tanh'>,<class 'torch.nn.modules.activation.Tanh'>,<class 'torch.nn.modules.activation.ReLU'>,<class 'torch.nn.modules.activation.ReLU'>,,0.013010858752767198,4,46,52.0,50.0,24.0,,COMPLETE
96,96,0.0011160623980686069,2023-11-07 17:29:45.027833,2023-11-07 17:29:45.877594,0 days 00:00:00.849761,<class 'torch.nn.modules.activation.Tanh'>,<class 'torch.nn.modules.activation.Tanh'>,<class 'torch.nn.modules.activation.ReLU'>,<class 'torch.nn.modules.activation.ReLU'>,,0.008459511936420605,4,43,48.0,36.0,26.0,,COMPLETE
97,97,0.0014403656823560596,2023-11-07 17:29:45.878310,2023-11-07 17:29:46.802231,0 days 00:00:00.923921,<class 'torch.nn.modules.activation.Sigmoid'>,<class 'torch.nn.modules.activation.Tanh'>,<class 'torch.nn.modules.activation.Tanh'>,<class 'torch.nn.modules.activation.ReLU'>,,0.016170806141925592,4,50,53.0,52.0,22.0,,COMPLETE
98,98,0.001604598481208086,2023-11-07 17:29:46.803007,2023-11-07 17:29:47.542733,0 days 00:00:00.739726,<class 'torch.nn.modules.activation.Tanh'>,<class 'torch.nn.modules.activation.Tanh'>,<class 'torch.nn.modules.activation.ReLU'>,,,0.012399168926832417,3,47,56.0,39.0,,,COMPLETE
99,99,0.0011663951445370913,2023-11-07 17:29:47.543450,2023-11-07 17:29:48.458307,0 days 00:00:00.914857,<class 'torch.nn.modules.activation.Tanh'>,<class 'torch.nn.modules.activation.Tanh'>,<class 'torch.nn.modules.activation.ReLU'>,<class 'torch.nn.modules.activation.ReLU'>,,0.010288973496090936,4,52,66.0,64.0,4.0,,COMPLETE
